<?xml version="1.0" encoding="UTF-8" standalone="no"?>
<catalog xmlns="urn:oasis:names:tc:entity:xmlns:xml:catalog" prefer="system">
    <system systemId="http://localhost:8080/Hosp_management/adminLogin?WSDL" uri="wsdl/localhost_8080/Hosp_management/adminLogin.wsdl"/>
    <system systemId="http://localhost:8080/Hosp_management/adminLogin?xsd=1" uri="wsdl/localhost_8080/Hosp_management/adminLogin.xsd_1.xsd"/>
    <system systemId="http://localhost:8080/Hosp_management/reg_staff?WSDL" uri="wsdl/localhost_8080/Hosp_management/reg_staff.wsdl"/>
    <system systemId="http://localhost:8080/Hosp_management/reg_staff?xsd=1" uri="wsdl/localhost_8080/Hosp_management/reg_staff.xsd_1.xsd"/>
    <system systemId="http://localhost:8080/Hosp_management/DoctorManagement?WSDL" uri="wsdl/localhost_8080/Hosp_management/DoctorManagement.wsdl"/>
    <system systemId="http://localhost:8080/Hosp_management/DoctorManagement?xsd=1" uri="wsdl/localhost_8080/Hosp_management/DoctorManagement.xsd_1.xsd"/>
    <system systemId="http://localhost:8080/Hosp_management/NurseManagement?WSDL" uri="wsdl/localhost_8080/Hosp_management/NurseManagement.wsdl"/>
    <system systemId="http://localhost:8080/Hosp_management/NurseManagement?xsd=1" uri="wsdl/localhost_8080/Hosp_management/NurseManagement.xsd_1.xsd"/>
    <system systemId="http://localhost:8080/Hosp_management/PatientManagement?WSDL" uri="wsdl/localhost_8080/Hosp_management/PatientManagement.wsdl"/>
    <system systemId="http://localhost:8080/Hosp_management/PatientManagement?xsd=1" uri="wsdl/localhost_8080/Hosp_management/PatientManagement.xsd_1.xsd"/>
    <system systemId="http://localhost:8080/Hosp_management/regStaffLogin?WSDL" uri="wsdl/localhost_8080/Hosp_management/regStaffLogin.wsdl"/>
    <system systemId="http://localhost:8080/Hosp_management/regStaffLogin?xsd=1" uri="wsdl/localhost_8080/Hosp_management/regStaffLogin.xsd_1.xsd"/>
    <system systemId="http://localhost:8080/Hosp_management/doctorLogin?WSDL" uri="wsdl/localhost_8080/Hosp_management/doctorLogin.wsdl"/>
    <system systemId="http://localhost:8080/Hosp_management/doctorLogin?xsd=1" uri="wsdl/localhost_8080/Hosp_management/doctorLogin.xsd_1.xsd"/>
    <system systemId="http://localhost:8080/Hosp_management/nurseLogin?WSDL" uri="wsdl/localhost_8080/Hosp_management/nurseLogin.wsdl"/>
    <system systemId="http://localhost:8080/Hosp_management/nurseLogin?xsd=1" uri="wsdl/localhost_8080/Hosp_management/nurseLogin.xsd_1.xsd"/>
    <system systemId="http://localhost:8080/Hosp_management/billingStaffLogin?WSDL" uri="wsdl/localhost_8080/Hosp_management/billingStaffLogin.wsdl"/>
    <system systemId="http://localhost:8080/Hosp_management/billingStaffLogin?xsd=1" uri="wsdl/localhost_8080/Hosp_management/billingStaffLogin.xsd_1.xsd"/>
    <system systemId="http://localhost:8080/Hosp_management/ReportManagement?WSDL" uri="wsdl/localhost_8080/Hosp_management/ReportManagement.wsdl"/>
    <system systemId="http://localhost:8080/Hosp_management/ReportManagement?xsd=1" uri="wsdl/localhost_8080/Hosp_management/ReportManagement.xsd_1.xsd"/>
</catalog>