<?xml version="1.0" encoding="UTF-8"?><!--
        *** GENERATED FROM jax-ws.xml - DO NOT EDIT !                             ***
        *** TO MODIFY wsimport options USE Web Service node -> Edit WS Attributes ***
        *** TO CHANGE TARGETS GENERATED TO jaxws-build.xml COPY THOSE             ***
        *** TARGETS TO ../build.xml AND MODIFY THAT FILE INSTEAD                  ***

        --><project xmlns:xalan="http://xml.apache.org/xslt" xmlns:webproject2="http://www.netbeans.org/ns/web-project/2" xmlns:jaxws="http://www.netbeans.org/ns/jax-ws/1">
    <!--
                ===================
                JAX-WS WSGEN SECTION
                ===================
            -->
    <!--
                ===================
                JAX-WS WSIMPORT SECTION
                ===================
            -->
    <target name="wsimport-init" depends="init">
        <fail if="${wsimport.bad.version}" message="WsImport ant task defined in the classpath ${j2ee.platform.wsimport.classpath} has a serious bug. See http://wiki.netbeans.org/MetroIssue for details."/>
        <mkdir dir="${build.generated.sources.dir}/jax-ws"/>
        <property name="j2ee.platform.wsimport.classpath" value="${libs.jaxws21.classpath}"/>
        <taskdef name="wsimport" classname="com.sun.tools.ws.ant.WsImport">
            <classpath path="${java.home}/../lib/tools.jar:${j2ee.platform.wsimport.classpath}:${javac.classpath}"/>
        </taskdef>
        <condition property="conf-dir" value="${conf.dir}/" else="">
            <isset property="conf.dir"/>
        </condition>
    </target>
    <target name="wsimport-client-adminLogin" depends="wsimport-init">
        <mkdir dir="${build.generated.dir}/jax-wsCache/adminLogin"/>
        <wsimport sourcedestdir="${build.generated.dir}/jax-wsCache/adminLogin" destdir="${build.generated.dir}/jax-wsCache/adminLogin" wsdl="${basedir}/${conf-dir}xml-resources/web-service-references/adminLogin/wsdl/localhost_8080/Hosp_management/adminLogin.wsdl" catalog="catalog.xml" encoding="${source.encoding}" extension="true" verbose="true" fork="false" wsdlLocation="http://localhost:8080/Hosp_management/adminLogin?WSDL" xnocompile="true" xendorsed="true" package="entities1">
            <depends file="${basedir}/${conf-dir}xml-resources/web-service-references/adminLogin/wsdl/localhost_8080/Hosp_management/adminLogin.wsdl"/>
            <produces dir="${build.generated.dir}/jax-wsCache/adminLogin"/>
        </wsimport>
        <copy todir="${build.generated.sources.dir}/jax-ws">
            <fileset dir="${build.generated.dir}/jax-wsCache/adminLogin">
                <include name="**/*.java"/>
            </fileset>
        </copy>
    </target>
    <target name="wsimport-client-clean-adminLogin" depends="-init-project">
        <delete dir="${build.generated.sources.dir}/jax-ws/entities1"/>
        <delete dir="${build.generated.dir}/jax-wsCache/adminLogin"/>
    </target>
    <target name="wsimport-client-reg_staff" depends="wsimport-init">
        <mkdir dir="${build.generated.dir}/jax-wsCache/reg_staff"/>
        <wsimport sourcedestdir="${build.generated.dir}/jax-wsCache/reg_staff" destdir="${build.generated.dir}/jax-wsCache/reg_staff" wsdl="${basedir}/${conf-dir}xml-resources/web-service-references/reg_staff/wsdl/localhost_8080/Hosp_management/reg_staff.wsdl" catalog="catalog.xml" encoding="${source.encoding}" extension="true" verbose="true" fork="false" wsdlLocation="http://localhost:8080/Hosp_management/reg_staff?WSDL" xnocompile="true" xendorsed="true">
            <depends file="${basedir}/${conf-dir}xml-resources/web-service-references/reg_staff/wsdl/localhost_8080/Hosp_management/reg_staff.wsdl"/>
            <produces dir="${build.generated.dir}/jax-wsCache/reg_staff"/>
        </wsimport>
        <copy todir="${build.generated.sources.dir}/jax-ws">
            <fileset dir="${build.generated.dir}/jax-wsCache/reg_staff">
                <include name="**/*.java"/>
            </fileset>
        </copy>
    </target>
    <target name="wsimport-client-clean-reg_staff" depends="-init-project">
        <delete dir="${build.generated.sources.dir}/jax-ws/entities"/>
        <delete dir="${build.generated.dir}/jax-wsCache/reg_staff"/>
    </target>
    <target name="wsimport-client-DoctorManagement" depends="wsimport-init">
        <mkdir dir="${build.generated.dir}/jax-wsCache/DoctorManagement"/>
        <wsimport sourcedestdir="${build.generated.dir}/jax-wsCache/DoctorManagement" destdir="${build.generated.dir}/jax-wsCache/DoctorManagement" wsdl="${basedir}/${conf-dir}xml-resources/web-service-references/DoctorManagement/wsdl/localhost_8080/Hosp_management/DoctorManagement.wsdl" catalog="catalog.xml" encoding="${source.encoding}" extension="true" verbose="true" fork="false" wsdlLocation="http://localhost:8080/Hosp_management/DoctorManagement?WSDL" xnocompile="true" xendorsed="true">
            <depends file="${basedir}/${conf-dir}xml-resources/web-service-references/DoctorManagement/wsdl/localhost_8080/Hosp_management/DoctorManagement.wsdl"/>
            <produces dir="${build.generated.dir}/jax-wsCache/DoctorManagement"/>
        </wsimport>
        <copy todir="${build.generated.sources.dir}/jax-ws">
            <fileset dir="${build.generated.dir}/jax-wsCache/DoctorManagement">
                <include name="**/*.java"/>
            </fileset>
        </copy>
    </target>
    <target name="wsimport-client-clean-DoctorManagement" depends="-init-project">
        <delete dir="${build.generated.sources.dir}/jax-ws/entities"/>
        <delete dir="${build.generated.dir}/jax-wsCache/DoctorManagement"/>
    </target>
    <target name="wsimport-client-NurseManagement" depends="wsimport-init">
        <mkdir dir="${build.generated.dir}/jax-wsCache/NurseManagement"/>
        <wsimport sourcedestdir="${build.generated.dir}/jax-wsCache/NurseManagement" destdir="${build.generated.dir}/jax-wsCache/NurseManagement" wsdl="${basedir}/${conf-dir}xml-resources/web-service-references/NurseManagement/wsdl/localhost_8080/Hosp_management/NurseManagement.wsdl" catalog="catalog.xml" encoding="${source.encoding}" extension="true" verbose="true" fork="false" wsdlLocation="http://localhost:8080/Hosp_management/NurseManagement?WSDL" xnocompile="true" xendorsed="true">
            <depends file="${basedir}/${conf-dir}xml-resources/web-service-references/NurseManagement/wsdl/localhost_8080/Hosp_management/NurseManagement.wsdl"/>
            <produces dir="${build.generated.dir}/jax-wsCache/NurseManagement"/>
        </wsimport>
        <copy todir="${build.generated.sources.dir}/jax-ws">
            <fileset dir="${build.generated.dir}/jax-wsCache/NurseManagement">
                <include name="**/*.java"/>
            </fileset>
        </copy>
    </target>
    <target name="wsimport-client-clean-NurseManagement" depends="-init-project">
        <delete dir="${build.generated.sources.dir}/jax-ws/entities"/>
        <delete dir="${build.generated.dir}/jax-wsCache/NurseManagement"/>
    </target>
    <target name="wsimport-client-PatientManagement" depends="wsimport-init">
        <mkdir dir="${build.generated.dir}/jax-wsCache/PatientManagement"/>
        <wsimport sourcedestdir="${build.generated.dir}/jax-wsCache/PatientManagement" destdir="${build.generated.dir}/jax-wsCache/PatientManagement" wsdl="${basedir}/${conf-dir}xml-resources/web-service-references/PatientManagement/wsdl/localhost_8080/Hosp_management/PatientManagement.wsdl" catalog="catalog.xml" encoding="${source.encoding}" extension="true" verbose="true" fork="false" wsdlLocation="http://localhost:8080/Hosp_management/PatientManagement?WSDL" xnocompile="true" xendorsed="true">
            <depends file="${basedir}/${conf-dir}xml-resources/web-service-references/PatientManagement/wsdl/localhost_8080/Hosp_management/PatientManagement.wsdl"/>
            <produces dir="${build.generated.dir}/jax-wsCache/PatientManagement"/>
        </wsimport>
        <copy todir="${build.generated.sources.dir}/jax-ws">
            <fileset dir="${build.generated.dir}/jax-wsCache/PatientManagement">
                <include name="**/*.java"/>
            </fileset>
        </copy>
    </target>
    <target name="wsimport-client-clean-PatientManagement" depends="-init-project">
        <delete dir="${build.generated.sources.dir}/jax-ws/entities"/>
        <delete dir="${build.generated.dir}/jax-wsCache/PatientManagement"/>
    </target>
    <target name="wsimport-client-regStaffLogin" depends="wsimport-init">
        <mkdir dir="${build.generated.dir}/jax-wsCache/regStaffLogin"/>
        <wsimport sourcedestdir="${build.generated.dir}/jax-wsCache/regStaffLogin" destdir="${build.generated.dir}/jax-wsCache/regStaffLogin" wsdl="${basedir}/${conf-dir}xml-resources/web-service-references/regStaffLogin/wsdl/localhost_8080/Hosp_management/regStaffLogin.wsdl" catalog="catalog.xml" encoding="${source.encoding}" extension="true" verbose="true" fork="false" wsdlLocation="http://localhost:8080/Hosp_management/regStaffLogin?WSDL" xnocompile="true" xendorsed="true">
            <depends file="${basedir}/${conf-dir}xml-resources/web-service-references/regStaffLogin/wsdl/localhost_8080/Hosp_management/regStaffLogin.wsdl"/>
            <produces dir="${build.generated.dir}/jax-wsCache/regStaffLogin"/>
        </wsimport>
        <copy todir="${build.generated.sources.dir}/jax-ws">
            <fileset dir="${build.generated.dir}/jax-wsCache/regStaffLogin">
                <include name="**/*.java"/>
            </fileset>
        </copy>
    </target>
    <target name="wsimport-client-clean-regStaffLogin" depends="-init-project">
        <delete dir="${build.generated.sources.dir}/jax-ws/logins"/>
        <delete dir="${build.generated.dir}/jax-wsCache/regStaffLogin"/>
    </target>
    <target name="wsimport-client-doctorLogin" depends="wsimport-init">
        <mkdir dir="${build.generated.dir}/jax-wsCache/doctorLogin"/>
        <wsimport sourcedestdir="${build.generated.dir}/jax-wsCache/doctorLogin" destdir="${build.generated.dir}/jax-wsCache/doctorLogin" wsdl="${basedir}/${conf-dir}xml-resources/web-service-references/doctorLogin/wsdl/localhost_8080/Hosp_management/doctorLogin.wsdl" catalog="catalog.xml" encoding="${source.encoding}" extension="true" verbose="true" fork="false" wsdlLocation="http://localhost:8080/Hosp_management/doctorLogin?WSDL" xnocompile="true" xendorsed="true">
            <depends file="${basedir}/${conf-dir}xml-resources/web-service-references/doctorLogin/wsdl/localhost_8080/Hosp_management/doctorLogin.wsdl"/>
            <produces dir="${build.generated.dir}/jax-wsCache/doctorLogin"/>
        </wsimport>
        <copy todir="${build.generated.sources.dir}/jax-ws">
            <fileset dir="${build.generated.dir}/jax-wsCache/doctorLogin">
                <include name="**/*.java"/>
            </fileset>
        </copy>
    </target>
    <target name="wsimport-client-clean-doctorLogin" depends="-init-project">
        <delete dir="${build.generated.sources.dir}/jax-ws/logins"/>
        <delete dir="${build.generated.dir}/jax-wsCache/doctorLogin"/>
    </target>
    <target name="wsimport-client-nurseLogin" depends="wsimport-init">
        <mkdir dir="${build.generated.dir}/jax-wsCache/nurseLogin"/>
        <wsimport sourcedestdir="${build.generated.dir}/jax-wsCache/nurseLogin" destdir="${build.generated.dir}/jax-wsCache/nurseLogin" wsdl="${basedir}/${conf-dir}xml-resources/web-service-references/nurseLogin/wsdl/localhost_8080/Hosp_management/nurseLogin.wsdl" catalog="catalog.xml" encoding="${source.encoding}" extension="true" verbose="true" fork="false" wsdlLocation="http://localhost:8080/Hosp_management/nurseLogin?WSDL" xnocompile="true" xendorsed="true">
            <depends file="${basedir}/${conf-dir}xml-resources/web-service-references/nurseLogin/wsdl/localhost_8080/Hosp_management/nurseLogin.wsdl"/>
            <produces dir="${build.generated.dir}/jax-wsCache/nurseLogin"/>
        </wsimport>
        <copy todir="${build.generated.sources.dir}/jax-ws">
            <fileset dir="${build.generated.dir}/jax-wsCache/nurseLogin">
                <include name="**/*.java"/>
            </fileset>
        </copy>
    </target>
    <target name="wsimport-client-clean-nurseLogin" depends="-init-project">
        <delete dir="${build.generated.sources.dir}/jax-ws/logins"/>
        <delete dir="${build.generated.dir}/jax-wsCache/nurseLogin"/>
    </target>
    <target name="wsimport-client-billingStaffLogin" depends="wsimport-init">
        <mkdir dir="${build.generated.dir}/jax-wsCache/billingStaffLogin"/>
        <wsimport sourcedestdir="${build.generated.dir}/jax-wsCache/billingStaffLogin" destdir="${build.generated.dir}/jax-wsCache/billingStaffLogin" wsdl="${basedir}/${conf-dir}xml-resources/web-service-references/billingStaffLogin/wsdl/localhost_8080/Hosp_management/billingStaffLogin.wsdl" catalog="catalog.xml" encoding="${source.encoding}" extension="true" verbose="true" fork="false" wsdlLocation="http://localhost:8080/Hosp_management/billingStaffLogin?WSDL" xnocompile="true" xendorsed="true">
            <depends file="${basedir}/${conf-dir}xml-resources/web-service-references/billingStaffLogin/wsdl/localhost_8080/Hosp_management/billingStaffLogin.wsdl"/>
            <produces dir="${build.generated.dir}/jax-wsCache/billingStaffLogin"/>
        </wsimport>
        <copy todir="${build.generated.sources.dir}/jax-ws">
            <fileset dir="${build.generated.dir}/jax-wsCache/billingStaffLogin">
                <include name="**/*.java"/>
            </fileset>
        </copy>
    </target>
    <target name="wsimport-client-clean-billingStaffLogin" depends="-init-project">
        <delete dir="${build.generated.sources.dir}/jax-ws/logins"/>
        <delete dir="${build.generated.dir}/jax-wsCache/billingStaffLogin"/>
    </target>
    <target name="wsimport-client-ReportManagement" depends="wsimport-init">
        <mkdir dir="${build.generated.dir}/jax-wsCache/ReportManagement"/>
        <wsimport sourcedestdir="${build.generated.dir}/jax-wsCache/ReportManagement" destdir="${build.generated.dir}/jax-wsCache/ReportManagement" wsdl="${basedir}/${conf-dir}xml-resources/web-service-references/ReportManagement/wsdl/localhost_8080/Hosp_management/ReportManagement.wsdl" catalog="catalog.xml" encoding="${source.encoding}" extension="true" verbose="true" fork="false" wsdlLocation="http://localhost:8080/Hosp_management/ReportManagement?WSDL" xnocompile="true" xendorsed="true">
            <depends file="${basedir}/${conf-dir}xml-resources/web-service-references/ReportManagement/wsdl/localhost_8080/Hosp_management/ReportManagement.wsdl"/>
            <produces dir="${build.generated.dir}/jax-wsCache/ReportManagement"/>
        </wsimport>
        <copy todir="${build.generated.sources.dir}/jax-ws">
            <fileset dir="${build.generated.dir}/jax-wsCache/ReportManagement">
                <include name="**/*.java"/>
            </fileset>
        </copy>
    </target>
    <target name="wsimport-client-clean-ReportManagement" depends="-init-project">
        <delete dir="${build.generated.sources.dir}/jax-ws/objects"/>
        <delete dir="${build.generated.dir}/jax-wsCache/ReportManagement"/>
    </target>
    <target name="wsimport-client-generate" depends="wsimport-client-adminLogin, wsimport-client-reg_staff, wsimport-client-DoctorManagement, wsimport-client-NurseManagement, wsimport-client-PatientManagement, wsimport-client-regStaffLogin, wsimport-client-doctorLogin, wsimport-client-nurseLogin, wsimport-client-billingStaffLogin, wsimport-client-ReportManagement"/>
</project>
