<?xml version="1.0" encoding="UTF-8"?>
<jax-ws xmlns="http://www.netbeans.org/ns/jax-ws/1">
  <services>
    <service name="reg_staff">
      <implementation-class>entities.reg_staff</implementation-class>
    </service>
    <service name="adminLogin">
      <implementation-class>entities.adminLogin</implementation-class>
    </service>
    <service name="doctor">
      <implementation-class>entities.doctor</implementation-class>
    </service>
    <service name="nurse">
      <implementation-class>entities.nurse</implementation-class>
    </service>
    <service name="patient">
      <implementation-class>entities.patient</implementation-class>
    </service>
    <service name="regStaffLogin">
      <implementation-class>logins.regStaffLogin</implementation-class>
    </service>
    <service name="doctorLogin">
      <implementation-class>logins.doctorLogin</implementation-class>
    </service>
    <service name="nurseLogin">
      <implementation-class>logins.nurseLogin</implementation-class>
    </service>
    <service name="billingStaffLogin">
      <implementation-class>logins.billingStaffLogin</implementation-class>
    </service>
    <service name="reportManagement">
      <implementation-class>objects.reportManagement</implementation-class>
    </service>
  </services>
  <clients/>
</jax-ws>
